Acetabular labrum	절구테두리(비구순)
Acromioclavicular ligament	봉우리빗장인대(견봉쇄골인대)
Annular ligament of radius	노뼈고리인대(요골윤상인대)
Anterior cruciate ligament	앞십자인대(전방십자인대)
Anterior ligament of fibular head	앞종아리뼈머리인대
Anterior longitudinal ligament	앞세로인대(전종인대)
Anterior meniscotibial ligament (Lateral meniscus)	가쪽반달 앞반달정강인대
Anterior meniscotibial ligament (Medial meniscus)	안쪽반달 앞반달정강인대
Anterior sacro-iliac ligament	앞엉치엉덩인대(전천장인대)
Anterior sternoclavicular ligament	앞복장빗장인대(전흉쇄인대)
Anterior talocalcaneal ligament	앞목말발꿈치인대
Anterior talofibular ligament	앞목말종아리인대(전거비인대)
Anterior tibiofibular ligament	앞정강종아리인대(전경비인대)
Arcuate popliteal ligament	활꼴오금인대(궁상슬와인대)
Articular capsule of acromioclavicular joint	봉우리빗장관절 관절주머니
Articular capsule of elbow joint	팔꿉관절 관절주머니
Articular capsule of glenohumeral joint	오목위팔관절(어깨관절) 관절주머니
Articular capsule of hip joint	엉덩관절 관절주머니(고관절낭)
Articular capsule of interphalangeal joint of great toe	엄지발가락 발가락뼈사이관절 관절주머니
Articular capsule of knee joint	무릎관절 관절주머니(슬관절낭)
Articular capsule of radiocarpal joint	노손목관절 관절주머니
Articular capsule of sternoclavicular joint	복장빗장관절 관절주머니
Articular capsule of superior tibiofibular joint	위정강종아리관절 관절주머니
Articular capsule of temporomandibular joint	턱관절 관절주머니
Articular capsules of distal interphalangeal joints	먼쪽손가락뼈사이관절 관절주머니
Articular capsules of distal interphalangeal joints of foot	먼쪽발가락뼈사이관절 관절주머니
Articular capsules of metacarpophalangeal joints	손허리손가락관절 관절주머니
Articular capsules of metatarsophalangeal joints	발허리발가락관절 관절주머니
Articular capsules of proximal interphalangeal joints	몸쪽손가락뼈사이관절 관절주머니
Articular capsules of proximal interphalangeal joints of foot	몸쪽발가락뼈사이관절 관절주머니
Articular disc of acromioclavicular joint	봉우리빗장관절 관절원반
Articular disc of distal radio-ulnar joint	먼쪽노자관절 관절원반
Articular disc of sternoclavicular joint	복장빗장관절 관절원반
Articular disc of temporomandibular joint	턱관절 관절원반
Calcaneocuboid ligament	발꿈치입방인대
Calcaneofibular ligament	발꿈치종아리인대(종비인대)
Calcaneonavicular ligament	발꿈치발배인대
Capitohamate interosseous ligament	알머리갈고리뼈사이인대
Collateral interphalangeal ligaments of foot	발가락뼈사이관절 곁인대
Collateral interphalangeal ligaments of hand	손가락뼈사이관절 곁인대
Collateral metacarpophalangeal ligaments	손허리손가락관절 곁인대
Collateral metatarsophalangeal ligaments	발허리발가락관절 곁인대
Common flexor tendon sheath	온굽힘근힘줄집
Common tendon sheath of fibularis muscles	종아리근 온힘줄집
Conoid ligament	원뿔인대(원추인대)
Coraco-acromial ligament	부리봉우리인대(오훼견봉인대)
Coracohumeral ligament	부리위팔인대(오훼상완인대)
Costoclavicular ligament	갈비빗장인대(늑쇄인대)
Costotransverse ligament	갈비가로돌기인대(늑횡돌기인대)
Cricopharyngeal ligament	반지인두인대
Cuneocuboid interosseous ligament	쐐기입방뼈사이인대
Cuneometatarsal interosseous ligaments	쐐기발허리뼈사이인대
Deep part of tibial collateral ligament	정강쪽곁인대 깊은부분
Deep transverse metacarpal ligament	깊은가로손허리인대
Deep transverse metatarsal ligament	깊은가로발허리인대
Descending part of iliofemoral ligament	엉덩넙다리인대 내림부분
Dorsal calcaneocuboid ligament	등쪽발꿈치입방인대
Dorsal carpometacarpal ligaments	등쪽손목손허리인대
Dorsal cuboideonavicular ligament	등쪽입방발배인대
Dorsal cuneocuboid ligament	등쪽쐐기입방인대
Dorsal cuneonavicular ligaments	등쪽쐐기발배인대
Dorsal intercarpal ligaments	등쪽손목뼈사이인대
Dorsal intercuneiform ligaments	등쪽쐐기뼈사이인대
Dorsal metacarpal ligaments	등쪽손허리인대
Dorsal metatarsal ligaments	등쪽발허리인대
Dorsal radio-ulnar ligament	등쪽노자인대
Dorsal radiocarpal ligament	등쪽노손목인대
Dorsal scaphotriquetral ligament	등쪽손배세모인대
Dorsal tarsometatarsal ligaments	등쪽발목발허리인대
Dorsal ulnocarpal ligament	등쪽자손목인대
Extensor retinaculum of wrist	손목 폄근지지띠(신근지대)
External intercostal membrane	바깥갈비사이막
Fibular collateral ligament	종아리쪽곁인대(외측측부인대)
Flexor retinaculum of ankle	발목 굽힘근지지띠(굴근지대)
Glenoid labrum	오목테두리(관절와순)
Iliolumbar ligament	엉덩허리인대(장요인대)
Inferior extensor retinaculum of ankle	아래폄근지지띠(하신근지대)
Inferior fibular retinaculum	아래종아리근지지띠
Inferior glenohumeral ligament	아래오목위팔인대
Inferior pubic ligament	아래두덩인대
Inferior transverse scapular ligament	아래가로어깨인대
Infrapatellar fat pad	무릎뼈아래지방체(슬개하지방체)
Interclavicular ligament	빗장사이인대
Intercornual ligament	뿔사이인대
Intercuneiform interosseous ligaments	쐐기뼈사이 뼈사이인대
Internal intercostal membrane	속갈비사이막
Interosseous metacarpal ligaments	뼈사이손허리인대
Interosseous sacro-iliac ligament	뼈사이엉치엉덩인대
Interpubic disc	두덩사이원반(치골간원판)
Intersesamoid ligament	종자뼈사이인대
Interspinous ligaments	가시사이인대(극간인대)
Intertransverse ligaments	가로돌기사이인대(횡돌기간인대)
Intertubercular tendon sheath	결절사이힘줄집
Intra-articular ligament of head of rib	갈비뼈머리관절안인대
Ischiofemoral ligament	궁둥넙다리인대(좌골대퇴인대)
Lateral meniscus	가쪽반달(외측반월)
Lateral patellar retinaculum	가쪽무릎지지띠
Lateral talocalcaneal ligament	가쪽목말발꿈치인대
Lateral temporomandibular ligament	턱관절 가쪽인대
Lateral thyrohyoid ligament	가쪽방패목뿔인대
Ligament of head of femur	넙다리뼈머리인대(대퇴골두인대)
Ligamenta flava	황색인대
Lunotriquetral interosseous ligament	반달세모뼈사이인대
Medial meniscus	안쪽반달(내측반월)
Medial patellar retinaculum	안쪽무릎지지띠
Medial talocalcaneal ligament	안쪽목말발꿈치인대
Median cricothyroid ligament	정중반지방패인대
Median thyrohyoid ligament	정중방패목뿔인대
Meniscopatellar ligament	반달무릎인대
Metatarsal interosseous ligaments	뼈사이발허리인대
Middle glenohumeral ligament	중간오목위팔인대
Nuchal ligament	목덜미인대(항인대)
Oblique cord	빗끈
Oblique popliteal ligament	빗오금인대(사슬와인대)
Obturator membrane	폐쇄막
Palmar aponeurosis	손바닥널힘줄(수장건막)
Palmar capitohamate ligament	손바닥쪽알머리갈고리인대
Palmar carpometacarpal ligaments	손바닥쪽손목손허리인대
Palmar interphalangeal ligaments	손바닥쪽 손가락뼈사이관절 인대
Palmar lunotriquetral ligament	손바닥쪽반달세모인대
Palmar metacarpal ligaments	손바닥쪽손허리인대
Palmar radio-ulnar ligament	손바닥쪽노자인대
Palmar scaphotriquetral ligament	손바닥쪽손배세모인대
Palmar trapezoideocapitate ligament	손바닥쪽작은마름알머리인대
Pisohamate ligament	콩알갈고리인대
Pisometacarpal ligament	콩알손허리인대
Pisotriquetral ligament	콩알세모인대
Plantar aponeurosis	발바닥널힘줄(족저건막)
Plantar calcaneocuboid ligament	발바닥쪽발꿈치입방인대
Plantar calcaneonavicular ligament	발바닥쪽발꿈치발배인대(스프링인대)
Plantar cuboideonavicular ligament	발바닥쪽입방발배인대
Plantar cuneocuboid ligament	발바닥쪽쐐기입방인대
Plantar cuneonavicular ligaments	발바닥쪽쐐기발배인대
Plantar intercuneiform ligaments	발바닥쪽쐐기뼈사이인대
Plantar interphalangeal ligaments	발바닥쪽 발가락뼈사이관절 인대
Plantar metatarsal ligaments	발바닥쪽발허리인대
Plantar metatarsophalangeal ligaments	발바닥쪽 발허리발가락관절 인대
Plantar tarsometatarsal ligaments	발바닥쪽발목발허리인대
Plantar tendon sheath of fibularis longus muscle	긴종아리근 발바닥 힘줄집
Popliteofibular ligament	오금종아리인대
Posterior cruciate ligament	뒤십자인대(후방십자인대)
Posterior ligament of fibular head	뒤종아리뼈머리인대
Posterior longitudinal ligament	뒤세로인대(후종인대)
Posterior meniscotibial ligament (Lateral meniscus)	가쪽반달 뒤반달정강인대
Posterior meniscotibial ligament (Medial meniscus)	안쪽반달 뒤반달정강인대
Posterior sacro-iliac ligament	뒤엉치엉덩인대(후천장인대)
Posterior sternoclavicular ligament	뒤복장빗장인대
Posterior talocalcaneal ligament	뒤목말발꿈치인대
Posterior talofibular ligament	뒤목말종아리인대(후거비인대)
Posterior tibiofibular ligament	뒤정강종아리인대
Posterior tibiotalar ligament	뒤정강목말인대
Pterygospinous ligament	날개가시인대
Pubic symphysis	두덩결합(치골결합)
Pubofemoral ligament	두덩넙다리인대(치골대퇴인대)
Quadrangular membrane	네모막(사각막)
Quadrate ligament	네모인대(방형인대)
Radial collateral ligament	노쪽곁인대(요측측부인대)
Radial collateral ligament of wrist joint	손목관절 노쪽곁인대
Radiate carpal ligament	부챗살손목인대
Radiate ligament of head of rib	부챗살갈비뼈머리인대
Radiocapitate ligament	노알머리인대
Radioscaphocapitate ligament	노손배알머리인대
Sacrospinous ligament	엉치가시인대(천극인대)
Sacrotuberous ligament	엉치결절인대(천결절인대)
Scaphocapitate ligament	손배알머리인대
Scapholunate interosseous ligament	손배반달뼈사이인대
Scaphotrapeziotrapezoidal ligament	손배큰마름작은마름인대
Sphenomandibular ligament	나비아래턱인대
Stylohyoid ligament	붓목뿔인대
Stylomandibular ligament	붓아래턱인대
Superficial part of tibial collateral ligament	정강쪽곁인대 얕은부분
Superficial transverse metacarpal ligament	얕은가로손허리인대
Superficial transverse metatarsal ligament	얕은가로발허리인대
Superior extensor retinaculum of ankle	위폄근지지띠(상신근지대)
Superior fibular retinaculum	위종아리근지지띠
Superior glenohumeral ligament	위오목위팔인대
Superior pubic ligament	위두덩인대
Superior transverse scapular ligament	위가로어깨인대
Supraspinous ligament	가시끝인대(극상인대)
Synovial sheaths of digits of hand	손가락 윤활힘줄집
Talocalcaneal interosseous ligament	목말발꿈치뼈사이인대
Talonavicular ligament	목말발배인대
Tendon of extensor digitorum longus	긴발가락폄근 힘줄
Tendon sheath - abd. pollicis longus - ext. pollicis brevis	긴엄지벌림근·짧은엄지폄근 힘줄집
Tendon sheath of extensor carpi ulnaris	자쪽손목폄근 힘줄집
Tendon sheath of extensor digitorum and extensor indicis	손가락폄근·집게폄근 힘줄집
Tendon sheath of extensor digitorum longus	긴발가락폄근 힘줄집
Tendon sheath of extensor hallucis longus	긴엄지발가락폄근 힘줄집
Tendon sheath of extensor pollicis longus	긴엄지폄근 힘줄집
Tendon sheath of flexor carpi radialis	노쪽손목굽힘근 힘줄집
Tendon sheath of flexor digitorum longus	긴발가락굽힘근 힘줄집
Tendon sheath of flexor hallucis longus	긴엄지발가락굽힘근 힘줄집
Tendon sheath of flexor pollicis longus	긴엄지굽힘근 힘줄집
Tendon sheath of tibialis posterior muscle	뒤정강근 힘줄집
Tibiocalcaneal ligament	정강발꿈치인대
Tibionavicular ligament	정강발배인대
Transverse acetabular ligament	가로절구인대
Transverse humeral ligament	가로위팔인대
Transverse ligament of knee	무릎가로인대
Transverse part of iliofemoral ligament	엉덩넙다리인대 가로부분
Transverse tibiofibular ligament	가로정강종아리인대
Trapeziotrapezoidal interosseous ligament	큰마름작은마름뼈사이인대
Trapezoid ligament	마름인대(능형인대)
Trapezoideocapitate interosseous ligament	작은마름알머리뼈사이인대
Triquetrocapitate ligament	세모알머리인대
Triquetrohamate ligament	세모갈고리인대
Triradiate cartilage	Y연골(삼방연골)
Ulnar collateral ligament	자쪽곁인대(척측측부인대)
Ulnar collateral ligament of wrist joint	손목관절 자쪽곁인대
Ulnocapitate ligament	자알머리인대
Ulnolunate ligament	자반달인대
Ulnopisiform ligament	자콩알인대
Ulnotriquetral ligament	자세모인대
Zona orbicularis	둘레띠(윤대)
